mutation,frequency
C106T,0.9988
C241T,0.9996
T516-,0.0107
T517-,0.0115
A518-,0.0139
T519-,0.0142
G520-,0.0142
G521-,0.0104
T522-,0.0104
C683-,0.019
C683T,0.9807
T727A,0.016
A1870G,0.9878
C6402T,1.0
C9561T,0.9984
T10249C,0.9996
-11084T,0.0796
C14408T,0.9959
C15157A,0.127
-15965T,0.029
-15969T,0.0277
G17427T,0.9998
C18175T,0.9994
G20002T,1.0
T22917G,0.9984
A23403G,0.9975
G24751T,0.9985
G25970T,1.0
G25971A,1.0
G26840A,0.983
G27214T,0.9542
-29055A,0.0383
G29759T,0.9982
