mutation,frequency_x,frequency_y,CriticalDelta
C106T,0.9988,0.9976,No
C241T,0.9996,0.9977,No
T516-,0.0107,0.0107,No
T517-,0.0115,0.0106,No
A518-,0.0139,0.0145,No
T519-,0.0142,0.0139,No
G520-,0.0142,0.0141,No
C683-,0.019,0.0129,No
C683T,0.9807,0.9868,No
A1870G,0.9878,0.9952,No
C6402T,1.0,0.9996,No
C9561T,0.9984,0.9916,No
T10249C,0.9996,0.9993,No
-11084T,0.0796,0.0767,No
C14408T,0.9959,0.9972,No
C15157A,0.127,0.08,No
-15965T,0.029,0.0222,No
-15969T,0.0277,0.0221,No
G17427T,0.9998,0.9995,No
C18175T,0.9994,0.9993,No
G20002T,1.0,0.9994,No
T22917G,0.9984,1.0,No
A23403G,0.9975,0.9981,No
G24751T,0.9985,0.9994,No
G25970T,1.0,0.999,No
G25971A,1.0,0.9988,No
G26840A,0.983,0.9919,No
G27214T,0.9542,0.9776,No
-29055A,0.0383,0.0396,No
G29759T,0.9982,0.9946,No
